{
  "config": {
    "window_size": 22,
    "n_metrics": 19,
    "bin_seconds": 30,
    "log_embed_dim": 384,
    "d_model": 64,
    "n_heads": 4,
    "n_layers": 3,
    "fusion_dim": 256,
    "dropout": 0.27101640734341986,
    "batch_size": 8,
    "learning_rate": 0.00034827974366176894,
    "weight_decay": 1.1919481947918725e-05,
    "epochs": 50,
    "warmup_epochs": 6,
    "temperature": 0.11155743845534447,
    "label_smoothing": 0.010789142699330446,
    "grad_clip_norm": 0.5471437785301014,
    "jitter": 0,
    "noise_std": 0.15111022770860974,
    "mask_prob": 0.045759633098324495
  },
  "fold_results": [
    {
      "fold": 1,
      "test_day": "20220822",
      "train_size": 73,
      "test_size": 21,
      "acc@1": 0.38095238095238093,
      "acc@3": 0.7619047619047619,
      "mrr": 0.6006613756613757
    },
    {
      "fold": 2,
      "test_day": "20220823",
      "train_size": 64,
      "test_size": 30,
      "acc@1": 0.6666666666666666,
      "acc@3": 0.7666666666666667,
      "mrr": 0.7462830687830687
    },
    {
      "fold": 3,
      "test_day": "20230129",
      "train_size": 66,
      "test_size": 28,
      "acc@1": 0.35714285714285715,
      "acc@3": 0.5,
      "mrr": 0.49387519295154764
    },
    {
      "fold": 4,
      "test_day": "20230130",
      "train_size": 79,
      "test_size": 15,
      "acc@1": 0.26666666666666666,
      "acc@3": 0.4,
      "mrr": 0.40007936507936503
    }
  ],
  "summary": {
    "acc@1_mean": 0.4178571428571428,
    "acc@1_std": 0.14984402321252924,
    "acc@3_mean": 0.6071428571428571,
    "acc@3_std": 0.16107983119602712,
    "mrr_mean": 0.5602247506188394,
    "mrr_std": 0.12874551129569956
  },
  "timestamp": "2026-02-07T15:29:00.317687"
}