{
  "scenario": "20240215",
  "ref_step_s": 30.0,
  "n_ref_pts": 5610,
  "metrics": {
    "pod_level_data_pod_cpu_usage_total": {
      "src_step_s": 900.0,
      "tolerance_s": 450.0,
      "max_drift_s": 510.0,
      "nan_ratio": 0.4554367201426025,
      "imputed_ratio": 0.04188948306595366,
      "type": "gauge"
    },
    "pod_level_data_pod_memory_working_set": {
      "src_step_s": 900.0,
      "tolerance_s": 450.0,
      "max_drift_s": 510.0,
      "nan_ratio": 0.4554367201426025,
      "imputed_ratio": 0.04188948306595366,
      "type": "gauge"
    },
    "pod_level_data_pod_network_rx_bytes": {
      "src_step_s": 1140.0,
      "tolerance_s": 570.0,
      "max_drift_s": 630.0,
      "nan_ratio": 0.4016042780748663,
      "imputed_ratio": 0.0374331550802139,
      "type": "rate"
    },
    "pod_level_data_pod_network_tx_bytes": {
      "src_step_s": 1140.0,
      "tolerance_s": 570.0,
      "max_drift_s": 630.0,
      "nan_ratio": 0.4016042780748663,
      "imputed_ratio": 0.0374331550802139,
      "type": "rate"
    }
  }
}